VarName,Index,SubIndex,ObjectCode,DataType,Default,Access,Description,Category,NonVolatile,DriveStatus,Effective,Min,Max,Unit,PDOMapping,Project_A01,InternalMapping
Controlword,0x6040,0x00,Val,UNS16,0x0,RW,402控制字,PDS_FSA,NO,Enable,立即,,,,RxPDO,1,Controlword
Statusword,0x6041,0x00,Val,UNS16,0x0,RO,402状态字,PDS_FSA,NO,Enable,只读,,,,TxPDO,1,Statusword
Error_code,0x603F,0x00,Val,UNS16,0x0,RO,错误码,PDS_FSA,NO,Enable,只读,,,,TxPDO,1,Error_word
Quick_stop_option_code,0x605A,0x00,Val,INTEGER16,0x2,RW,快速停止操作代码,PDS_FSA,YES,-,立即,,,,-,1,Quick_stop_option_code
Modes_of_operation,0x6060,0x00,Val,INTEGER8,0x0,RW,运行模式,PDS_FSA,NO,Enable,立即,,,,RxPDO,1,Modes_of_operation
Modes_of_operation_display,0x6061,0x00,Val,INTEGER8,0x0,RO,显示运行模式,PDS_FSA,NO,Enable,只读,,,,TxPDO,1,Modes_of_operation_display
Position_encoder_resolution,0x608F,0x00,Struct,UNS8,0x2,RO,,Factor_group,NO,-,只读,-,-,-,-,1,
Position_encoder_resolution_Encoder_increments,0x608F,0x01,Struct,UNS32,0x1000,RW,负载端位置反馈分辨率,Factor_group,YES,-,立即,1,4294967295,pulse,-,1,Load_Encoder_resolution
Position_encoder_resolution_Motor_revolutions,0x608F,0x02,Struct,UNS32,0x1,RW,电机端位置反馈分辨率,Factor_group,YES,-,立即,1,4294967295,pulse,-,1,Motor_Encoder_resolution
Gear_ratio,0x6091,0x00,Struct,UNS8,0x2,RO,,Factor_group,NO,-,只读,-,-,-,-,1,
Motor_revolutions,0x6091,0x01,Struct,UNS32,0x1,RW,齿轮比分母,Factor_group,YES,-,立即,1,4294967295,,-,1,Reduction_Ratio_den
Shaft_revolutions,0x6091,0x02,Struct,UNS32,0x1,RW,齿轮比分子,Factor_group,YES,-,立即,1,4294967295,,-,1,Reduction_Ratio_num
Polarity,0x607E,0x00,Val,UNS8,0x0,RW,运动极性,Factor_group,YES,-,立即,0,1,-,-,1,Polarity
Target_position,0x607A,0x00,Val,INTEGER32,0x0,RW,位置目标值,Profile_position_mode,NO,Enable,立即,-2147483648,2147483647,uu,RxPDO,1,Target_position
Position_range_limit,0x607B,0x00,Struct,UNS8,0x2,RO,,Profile_position_mode,NO,-,只读,-,-,-,-,1,
Position_range_limit_Minimal_position_limit,0x607B,0x01,Struct,INTEGER32,0x80000000,RW,位置溢出最小值,Profile_position_mode,YES,-,立即,-2147483648,2147483647,uu,RxPDO,1,Position_range_limit_Minimal_position_limit
Position_range_limit_Maximal_position_limit,0x607B,0x02,Struct,INTEGER32,0x7FFFFFFF,RW,位置溢出最大值,Profile_position_mode,YES,-,立即,-2147483648,2147483647,uu,RxPDO,1,Position_range_limit_Maximal_position_limit
Software_position_limit,0x607D,0x00,Struct,UNS8,0x2,RO,,Profile_position_mode,NO,-,只读,-,-,-,-,1,
Software_position_limit_Minimal_position_limit,0x607D,0x01,Struct,INTEGER32,0x80000000,RW,应用位置下限,Profile_position_mode,YES,-,立即,-2147483648,2147483647,uu,RxPDO,1,Software_position_limit_Minimal_position_limit
Software_position_limit_Maximal_position_limit,0x607D,0x02,Struct,INTEGER32,0x7FFFFFFF,RW,应用位置上限,Profile_position_mode,YES,-,立即,-2147483648,2147483647,uu,RxPDO,1,Software_position_limit_Maximal_position_limit
Max_Profile_velocity,0x607F,0x00,Val,UNS32,0x7D0,RW,应用速度限制,Profile_position_mode,YES,-,立即,0,4294967295,uu/s,RxPDO,1,Max_Profile_velocity
Max_motor_speed,0x6080,0x00,Val,UNS32,0x7D0,RW,电机最大转速,Profile_position_mode,YES,-,立即,0,4294967295,RPM,RxPDO,1,Motor_maximum_speed
Profile_velocity,0x6081,0x00,Val,UNS32,0x0,RW,轮廓速度,Profile_position_mode,YES,Enable,立即,0,4294967295,uu/s,RxPDO,1,Profile_velocity
Profile_acceleration,0x6083,0x00,Val,UNS32,0x1770,RW,轮廓加速度,Profile_position_mode,YES,Enable,立即,0,4294967295,uu/s²,RxPDO,1,Profile_acceleration
Profile_deceleration,0x6084,0x00,Val,UNS32,0x1770,RW,轮廓减速度,Profile_position_mode,YES,Enable,立即,0,4294967295,uu/s²,RxPDO,1,Profile_deceleration
Quick_stop_deceleration,0x6085,0x00,Val,UNS32,0x1770,RW,快速停止减速度,Profile_position_mode,YES,Enable,立即,0,4294967295,uu/s²,RxPDO,1,Quick_stop_deceleration
Max_acceleration,0x60C5,0x00,Val,UNS32,0xFFFFFFFF,RW,应用加速度限制,Profile_position_mode,YES,-,立即,0,4294967295,uu/s²,RxPDO,1,Max_acceleration
Max_deceleration,0x60C6,0x00,Val,UNS32,0xFFFFFFFF,RW,应用减速度限制,Profile_position_mode,YES,-,立即,0,4294967295,uu/s²,RxPDO,1,Max_deceleration
Homing_method,0x6098,0x00,Val,INTEGER8,0x0,RW,回零方法,Homing_mode,YES,-,立即,-128,127,-,RxPDO,1,Homing_method
Position_demand_value,0x6062,0x00,Val,INTEGER32,0x0,RO,负载端位置指令值,Position_control_function,NO,-,只读,-2147483648,2147483647,uu,TxPDO,1,Position_demand_value
Position_actual_value_inc,0x6063,0x00,Val,INTEGER32,0x0,RO,负载端内部位置当前值,Position_control_function,NO,-,只读,-2147483648,2147483647,pulse,TxPDO,1,Position_actual_value_inc
Position_actual_value,0x6064,0x00,Val,INTEGER32,0x0,RO,负载端位置当前值,Position_control_function,NO,-,只读,-2147483648,2147483647,uu,TxPDO,1,Position_actual_value_inc
Following_error_window,0x6065,0x00,Val,UNS32,0x2710,RW,位置跟随误差阈值,Position_control_function,YES,-,立即,0,4294967295,uu,RxPDO,1,Following_error_window
Following_error_time_Out,0x6066,0x00,Val,UNS16,0x14,RW,位置跟随误差阈值时间,Position_control_function,YES,-,立即,0,65535,ms,RxPDO,1,Following_error_time_Out
Position_window,0x6067,0x00,Val,UNS32,0x64,RW,位置到达检测窗口,Position_control_function,YES,Enable,立即,0,4294967295,uu,RxPDO,1,Position_window
Position_window_time,0x6068,0x00,Val,UNS16,0x64,RW,位置到达检测窗口时间,Position_control_function,YES,-,立即,0,65535,ms,RxPDO,1,Position_window_time
Following_error_actual_value,0x60F4,0x00,Val,INTEGER32,0x0,RO,负载端位置误差值,Position_control_function,NO,-,只读,-2147483648,2147483647,uu,TxPDO,1,Following_error_actual_value
Velocity_demand_value,0x606B,0x00,Val,INTEGER32,0x0,RO,负载端速度指令值,Profile_velocity_mode,NO,-,只读,-2147483648,2147483647,uu/s,TxPDO,1,Velocity_demand_value
Velocity_actual_value,0x606C,0x00,Val,INTEGER32,0x0,RO,负载端速度当前值,Profile_velocity_mode,NO,-,只读,-2147483648,2147483647,uu/s,TxPDO,1,Velocity_actual_value
Velocity_window,0x606D,0x00,Val,UNS16,0x64,RW,速度到达检测窗口,Profile_velocity_mode,YES,Enable,立即,0,65535,uu/s,TxPDO,1,Velocity_window
Velocity_window_time,0x606E,0x00,Val,UNS16,0x14,RW,速度到达检测窗口时间,Profile_velocity_mode,YES,Enable,立即,0,65535,ms,TxPDO,1,Velocity_window_time
Velocity_threshold,0x606F,0x00,Val,UNS16,0x64,RW,零速检测窗口,Profile_velocity_mode,YES,Enable,立即,0,65535,uu/s,TxPDO,1,Velocity_threshold
Velocity_threshold_time,0x6070,0x00,Val,UNS16,0x14,RW,零速检测窗口时间,Profile_velocity_mode,YES,Enable,立即,0,65535,ms,TxPDO,1,Velocity_threshold_time
Target_velocity,0x60FF,0x00,Val,INTEGER32,0x0,RW,速度目标值,Profile_velocity_mode,NO,Enable,立即,-2147483648,2147483647,uu/s,RxPDO,1,Target_velocity
Target_torque,0x6071,0x00,Val,INTEGER16,0x0,RW,力矩目标值,Profile_torque_mode,NO,Enable,立即,-32768,32767,0.10%,RxPDO,1,Target_torque
Max_torque,0x6072,0x00,Val,UNS16,0x7D0,RW,应用力矩限制相对值,Profile_torque_mode,YES,-,立即,0,65535,0.10%,RxPDO,1,Max_torque
Max_current,0x6073,0x00,Val,UNS16,0x7D0,RW,应用电流限制相对值,Profile_torque_mode,YES,-,立即,0,65535,0.10%,RxPDO,1,Max_current
Torque_demand_value,0x6074,0x00,Val,INTEGER16,0x0,RO,力矩指令值,Profile_torque_mode,NO,-,只读,-32768,32767,0.10%,TxPDO,1,Torque_demand_value
Motor_rated_current,0x6075,0x00,Val,UNS32,0xBB8,RW,电机额定电流,Profile_torque_mode,YES,-,立即,0,4294967295,0.001 A,-,1,Motor_rated_current
Motor_rated_torque,0x6076,0x00,Val,UNS32,0xBB8,RW,电机额定力矩/推力,Profile_torque_mode,YES,-,立即,0,4294967295,0.001 N·m,-,1,Motor_rated_torque
Torque_actual_value,0x6077,0x00,Val,INTEGER16,0x0,RO,力矩当前值,Profile_torque_mode,NO,-,只读,-32768,32767,0.10%,TxPDO,1,Torque_actual_value
Current_actual_value,0x6078,0x00,Val,INTEGER16,0x0,RO,电流当前值,Profile_torque_mode,NO,-,只读,-32768,32767,0.10%,TxPDO,1,Current_actual_value
DC_link_circuit_voltage,0x6079,0x00,Val,UNS32,0x0,RO,母线电压当前值,Profile_torque_mode,NO,-,只读,0,4294967295,0.001 V,TxPDO,1,DC_link_circuit_voltage
Torque_slope,0x6087,0x00,Val,UNS32,0x3E8,RW,力矩上升斜率,Profile_torque_mode,YES,Enable,立即,0,4294967295,0.1 %/s,RxPDO,1,Torque_slope
Alarm_word,0x3000,0x00,Val,UNS32,0,RO,告警字,Manufacturer,NO,-,只读,0,4294967295,-,TxPDO,1,Alarm_word
MIT_feedforward_torque_current,0x3001,0x00,Val,INTEGER32,0,RW,MIT前馈力矩电流,Manufacturer,NO,Enable,立即,-2147483648,2147483647,0.001 A,RxPDO,1,MIT_feedforward_torque_current
MIT_target_position,0x3002,0x00,Val,INTEGER32,0,RW,MIT目标位置,Manufacturer,NO,Enable,立即,-2147483648,2147483647,pulse,RxPDO,1,MIT_target_position
MIT_max_current,0x3003,0x00,Val,INTEGER32,0,RW,MIT最大输出电流,Manufacturer,NO,Enable,立即,-2147483648,2147483647,0.001 A,RxPDO,1,MIT_max_current
MIT_target_velocity,0x3004,0x00,Val,INTEGER32,0,RW,MIT目标速度,Manufacturer,NO,Enable,立即,-2147483648,2147483647,pulse/s,RxPDO,1,MIT_target_velocity
MIT_Kp,0x3005,0x00,Val,UNS32,,RW,位置刚度,Manufacturer,YES,Enable,立即,0,4294967295,0.001 A/rad,RxPDO,1,MIT_Kp
MIT_Kd,0x3006,0x00,Val,UNS32,,RW,速度阻尼系数,Manufacturer,YES,Enable,立即,0,4294967295,0.001 A/(rad/s),RxPDO,1,MIT_Kd
SysCmd,0x3007,0x00,Val,UNS8,0,RW,系统指令,Manufacturer,NO,-,立即,0,255,-,RxPDO,1,SysCmd
storage_status,0x3008,0x00,Val,INTEGER8,0,RO,Flash存储状态,Manufacturer,NO,-,只读,-128,127,-,TxPDO,1,storage_status
Notch_filter_frq[6],0x3009,0x01,Array,UNS16,6,RW,陷波滤波器频率,Manufacturer,NO,-,只读,0,255,0.1 Hz,-,1,frq
Notch_filter_width[6],0x300A,0x01,Array,UNS16,6,RW,陷波滤波器宽度,Manufacturer,NO,-,只读,0,255,0.1 Hz,-,1,width
Notch_filter_depth[6],0x300B,0x01,Array,UNS16,6,RW,陷波滤波器深度,Manufacturer,NO,-,只读,0,255,0.1 db,-,1,depth
Input_shaping_wn,0x300C,0x00,Val,UNS16,10,RW,末端振动抑制的频率,Manufacturer,YES,Enable,立即,0,65535,0.1 Hz,RxPDO,1,wn_Hz
Pos_speed_ctl_aff,0x300D,0x00,Val,UNS16,0,RW,加速度前馈系数,Manufacturer,YES,Enable,立即,0,1000,0.10%,RxPDO,1,aff
Pos_speed_ctl_vff,0x300E,0x00,Val,UNS16,10,RW,速度前馈系数,Manufacturer,YES,Enable,立即,0,1000,0.10%,RxPDO,1,vff
Pos_speed_ctl_j_kt,0x300F,0x00,Val,UNS32,27,RW,惯性系数,Manufacturer,YES,Enable,立即,0,4294967295,0.00001 kg*m^2/(N*m/A),RxPDO,1,j_kt
Pos_speed_ctl_ki_s,0x3010,0x00,Val,UNS32,1000,RW,速度环积分系数,Manufacturer,YES,Enable,立即,0,4294967295,0.001 A/rad,RxPDO,1,ki_s
Pos_speed_ctl_kp_p,0x3011,0x00,Val,UNS16,10,RW,位置环比例系数,Manufacturer,YES,Enable,立即,0,65535,0.1 Hz,RxPDO,1,kp_p
Pos_speed_ctl_kp_s,0x3012,0x00,Val,UNS32,1000,RW,速度环比例系数,Manufacturer,YES,Enable,立即,0,4294967295,0.001 A/(rad/s),RxPDO,1,kp_s
Pos_speed_ctl_dob_wn,0x3013,0x00,Val,UNS16,400,RW,负载扰动观测器带宽,Manufacturer,YES,Enable,立即,0,65535,0.1 Hz,RxPDO,1,dob_wn_Hz
Pos_speed_ctl_dob_enable,0x3014,0x00,Val,UNS8,0,RW,负载扰动观测使能开关,Manufacturer,YES,Enable,立即,0,1,-,RxPDO,1,dob_enable
Current_ctl_i_noise,0x3015,0x00,Val,UNS16,,RW,电流采样噪声绝对值,Manufacturer,YES,Enable,立即,0,65535,0.001 A,RxPDO,1,i_noise_A
Current_ctl_comp_du,0x3016,0x00,Val,UNS16,0,RW,死区补偿电压大小,Manufacturer,YES,Enable,立即,0,65535,0.001 V,RxPDO,1,comp_du_V
Current_ctl_bandwidth_percentage,0x3017,0x00,Val,UNS16,1000,RW,电流环目标带宽,Manufacturer,YES,Enable,立即,0,65535,0.10%,RxPDO,1,bandwidth_percentage
Current_ctl_kp_ld,0x3018,0x00,Val,UNS16,0,RW,d轴 kp控制增益,Manufacturer,YES,Enable,立即,0,65535,0.01 V/A,RxPDO,1,kp_ld
Current_ctl_ki_ld,0x3019,0x00,Val,UNS16,0,RW,d轴 ki控制增益,Manufacturer,YES,Enable,立即,0,65535,0.01 V/(A*s),RxPDO,1,ki_ld
Current_ctl_kp_lq,0x3020,0x00,Val,UNS16,0,RW,q轴 kp控制增益,Manufacturer,YES,Enable,立即,0,65535,0.01 V/A,RxPDO,1,kp_lq
Current_ctl_ki_lq,0x3021,0x00,Val,UNS16,0,RW,q轴 ki控制增益,Manufacturer,YES,Enable,立即,0,65535,0.01 V/(A*s),RxPDO,1,ki_lq
Speed_obs_pll_wn,0x3022,0x00,Val,UNS16,4000,RW,速度观测带宽,Manufacturer,YES,Enable,立即,0,65535,0.1 Hz,RxPDO,1,wn_Hz
